﻿<?xml version="1.0"?>
<doc>
<assembly>
<name>
Virus_UI
</name>
</assembly>
<members>
<member name="P:Virus_UI.Main.SupportJpgAsWallpaper">
	<summary>
 Determine if .jpg files are supported as wallpaper in the current 
 operating system. The .jpg wallpapers are not supported before 
 Windows Vista.
 </summary>
</member><member name="P:Virus_UI.Main.SupportFitFillWallpaperStyles">
	<summary>
 Determine if the fit and fill wallpaper styles are supported in the 
 current operating system. The styles are not supported before 
 Windows 7.
 </summary>
</member><member name="P:Virus_UI.My.Resources.Resources.ResourceManager">
	<summary>
  Returns the cached ResourceManager instance used by this class.
</summary>
</member><member name="P:Virus_UI.My.Resources.Resources.Culture">
	<summary>
  Overrides the current thread's CurrentUICulture property for all
  resource lookups using this strongly typed resource class.
</summary>
</member><member name="T:Virus_UI.My.Resources.Resources">
	<summary>
  A strongly-typed resource class, for looking up localized strings, etc.
</summary>
</member>
</members>
</doc>